resname,chain,resid,abs_sasa,rel_sasa,is_IBS_type,is_candidate,bfactor
THR,A,1,189.69592964282373,134.91886887825302,True,False,95.06285714285714
ALA,A,2,92.68583320237059,85.22051600070851,True,True,97.41
CYS,A,3,135.82736103890414,102.74384344849028,False,False,97.35833333333335
THR,A,4,108.42448396990628,77.11556470121357,True,True,97.82714285714285
ASN,A,5,122.9282204015259,84.77223667438516,False,False,97.22625
PRO,A,6,95.58992905920961,69.66688219459924,False,False,97.35571428571428
THR,A,7,136.66720963735034,97.20285180465885,True,True,96.98714285714287
GLY,A,8,65.70183794430491,81.02335422901086,True,True,97.39
ILE,A,9,139.03698133578087,79.11966160347174,True,True,95.85375
PRO,A,10,182.39918601588573,132.93432404043855,False,False,95.58250000000001
